patient_id,cancer_type,prediction,probability,features_hash
BREAST_0001,breast,0,0.0193138582025108,08f49e1c19384a4e
BREAST_0002,breast,1,0.9825305134406811,2c2be3dbac8ea3ac
BREAST_0003,breast,0,0.13541056296019743,0c833d780619c6f1
BREAST_0004,breast,1,0.9487854214104074,b9ed6a4d974e7c5e
BREAST_0005,breast,0,0.023097582185426447,d37e2703c92a19cc
