{
  "creation_date": "2026-01-04T14:34:22.303313",
  "breast_cancer_metrics": {
    "accuracy": 0.9736842105263158,
    "precision": 1.0,
    "recall": 0.9285714285714286,
    "f1": 0.9629629629629629,
    "roc_auc": 0.9976851851851852
  },
  "lung_cancer_metrics": {
    "accuracy": 0.9193548387096774,
    "precision": 0.9803921568627451,
    "recall": 0.9259259259259259,
    "f1": 0.9523809523809523,
    "roc_auc": 0.9513888888888888
  },
  "breast_samples": 569,
  "lung_samples": 309
}